index,number,total,hp,attack,defense,sp_attack,sp_defense,speed,generation
0,1,318,45,49,49,65,65,45,1
1,2,405,60,62,63,80,80,60,1
2,3,525,80,82,83,100,100,80,1
3,3,625,80,100,123,122,120,80,1
4,3,525,80,82,83,100,100,80,1
5,4,309,39,52,43,60,50,65,1
6,5,405,58,64,58,80,65,80,1
7,6,534,78,84,78,109,85,100,1
8,6,634,78,130,111,130,85,100,1
9,6,634,78,104,78,159,115,100,1
10,6,534,78,84,78,109,85,100,1
11,7,314,44,48,65,50,64,43,1
12,8,405,59,63,80,65,80,58,1
13,9,530,79,83,100,85,105,78,1
14,9,630,79,103,120,135,115,78,1
15,9,530,79,83,100,85,105,78,1
16,10,195,45,30,35,20,20,45,1
17,11,205,50,20,55,25,25,30,1
18,12,395,60,45,50,90,80,70,1
19,12,395,60,45,50,90,80,70,1
20,13,195,40,35,30,20,20,50,1
21,14,205,45,25,50,25,25,35,1
22,15,395,65,90,40,45,80,75,1
23,15,495,65,150,40,15,80,145,1
24,16,251,40,45,40,35,35,56,1
25,17,349,63,60,55,50,50,71,1
26,18,479,83,80,75,70,70,101,1
27,18,579,83,80,80,135,80,121,1
28,19,253,30,56,35,25,35,72,1
29,19,253,30,56,35,25,35,72,7
30,20,413,55,81,60,50,70,97,1
31,20,413,75,71,70,40,80,77,7
32,21,262,40,60,30,31,31,70,1
33,22,442,65,90,65,61,61,100,1
34,23,288,35,60,44,40,54,55,1
35,24,438,60,85,69,65,79,80,1
36,25,320,35,55,40,50,50,90,1
37,25,320,35,55,40,50,50,90,1
38,26,485,60,90,55,90,80,110,1
39,26,485,60,85,50,95,85,110,7
40,27,300,50,75,85,20,30,40,1
41,27,300,50,75,90,10,35,40,7
42,28,450,75,100,110,45,55,65,1
43,28,450,75,100,120,25,65,65,7
44,29,275,55,47,52,40,40,41,1
45,30,365,70,62,67,55,55,56,1
46,31,505,90,92,87,75,85,76,1
47,32,273,46,57,40,40,40,50,1
48,33,365,61,72,57,55,55,65,1
49,34,505,81,102,77,85,75,85,1
50,35,323,70,45,48,60,65,35,1
51,36,483,95,70,73,95,90,60,1
52,37,299,38,41,40,50,65,65,1
53,37,299,38,41,40,50,65,65,7
54,38,505,73,76,75,81,100,100,1
55,38,505,73,67,75,81,100,109,7
56,39,270,115,45,20,45,25,20,1
57,40,435,140,70,45,85,50,45,1
58,41,245,40,45,35,30,40,55,1
59,42,455,75,80,70,65,75,90,1
60,43,320,45,50,55,75,65,30,1
61,44,395,60,65,70,85,75,40,1
62,45,490,75,80,85,110,90,50,1
63,46,285,35,70,55,45,55,25,1
64,47,405,60,95,80,60,80,30,1
65,48,305,60,55,50,40,55,45,1
66,49,450,70,65,60,90,75,90,1
67,50,265,10,55,25,35,45,95,1
68,50,265,10,55,30,35,45,90,7
69,51,405,35,80,50,50,70,120,1
70,51,425,35,100,60,50,70,110,7
71,52,290,40,45,35,40,40,90,1
72,53,290,40,45,35,40,40,90,1
73,52,290,40,35,35,50,40,90,7
74,52,290,50,65,55,40,40,40,8
75,53,440,65,70,60,65,65,115,1
76,53,440,65,60,60,75,65,115,7
77,54,320,50,52,48,65,50,55,1
78,55,500,80,82,78,95,80,85,1
79,56,305,40,80,35,35,45,70,1
80,57,455,65,105,60,60,70,95,1
81,58,350,55,70,45,70,50,60,1
82,59,555,90,110,80,100,80,95,1
83,60,300,40,50,40,40,40,90,1
84,61,385,65,65,65,50,50,90,1
85,62,510,90,95,95,70,90,70,1
86,63,310,25,20,15,105,55,90,1
87,64,400,40,35,30,120,70,105,1
88,65,500,55,50,45,135,95,120,1
89,65,590,55,50,65,175,95,150,1
90,66,305,70,80,50,35,35,35,1
91,67,405,80,100,70,50,60,45,1
92,68,505,90,130,80,65,85,55,1
93,68,505,90,130,80,65,85,55,1
94,69,300,50,75,35,70,30,40,1
95,70,390,65,90,50,85,45,55,1
96,71,490,80,105,65,100,70,70,1
97,72,335,40,40,35,50,100,70,1
98,73,515,80,70,65,80,120,100,1
99,74,300,40,80,100,30,30,20,1
100,74,300,40,80,100,30,30,20,7
101,75,390,55,95,115,45,45,35,1
102,75,390,55,95,115,45,45,35,7
103,76,495,80,120,130,55,65,45,1
104,76,495,80,120,130,55,65,45,7
105,77,410,50,85,55,65,65,90,1
106,77,410,50,85,55,65,65,90,8
107,78,500,65,100,70,80,80,105,1
108,78,500,65,100,70,80,80,105,8
109,79,315,90,65,65,40,40,15,1
110,79,315,90,65,65,40,40,15,8
111,80,490,95,75,110,100,80,30,1
112,80,490,95,100,95,100,70,30,8
113,80,590,95,75,180,130,80,30,1
114,81,325,25,35,70,95,55,45,1
115,82,465,50,60,95,120,70,70,1
116,83,352,52,90,55,58,62,60,1
117,83,377,52,95,55,58,62,55,8
118,84,310,35,85,45,35,35,75,1
119,85,460,60,110,70,60,60,100,1
120,86,325,65,45,55,45,70,45,1
121,87,475,90,70,80,70,95,70,1
122,88,325,80,80,50,40,50,25,1
123,88,325,80,80,50,40,50,25,7
124,89,500,105,105,75,65,100,50,1
125,89,500,105,105,75,65,100,50,7
126,90,305,30,65,100,45,25,40,1
127,91,525,50,95,180,85,45,70,1
128,92,310,30,35,30,100,35,80,1
129,93,405,45,50,45,115,55,95,1
130,94,500,60,65,60,130,75,110,1
131,94,600,60,65,80,170,95,130,1
132,94,500,60,65,60,130,75,110,1
133,95,385,35,45,160,30,45,70,1
134,96,328,60,48,45,43,90,42,1
135,97,483,85,73,70,73,115,67,1
136,98,325,30,105,90,25,25,50,1
137,99,475,55,130,115,50,50,75,1
138,99,475,55,130,115,50,50,75,1
139,100,330,40,30,50,55,55,100,1
140,101,480,60,50,70,80,80,140,1
141,102,325,60,40,80,60,45,40,1
142,103,520,95,95,85,125,65,55,1
143,103,530,95,105,85,125,75,45,7
144,104,320,50,50,95,40,50,35,1
145,105,425,60,80,110,50,80,45,1
146,105,425,60,80,110,50,80,45,7
147,106,455,50,120,53,35,110,87,1
148,107,455,50,105,79,35,110,76,1
149,108,385,90,55,75,60,75,30,1
150,109,340,40,65,95,60,45,35,1
151,110,490,65,90,120,85,70,60,1
152,110,490,65,90,120,85,70,60,8
153,111,345,80,85,95,30,30,25,1
154,112,485,105,130,120,45,45,40,1
155,113,450,250,5,5,35,105,50,1
156,114,435,65,55,115,100,40,60,1
157,115,490,105,95,80,40,80,90,1
158,115,590,105,125,100,60,100,100,1
159,116,295,30,40,70,70,25,60,1
160,117,440,55,65,95,95,45,85,1
161,118,320,45,67,60,35,50,63,1
162,119,450,80,92,65,65,80,68,1
163,120,340,30,45,55,70,55,85,1
164,121,520,60,75,85,100,85,115,1
165,122,460,40,45,65,100,120,90,1
166,122,460,50,65,65,90,90,100,8
167,123,500,70,110,80,55,80,105,1
168,124,455,65,50,35,115,95,95,1
169,125,490,65,83,57,95,85,105,1
170,126,495,65,95,57,100,85,93,1
171,127,500,65,125,100,55,70,85,1
172,127,600,65,155,120,65,90,105,1
173,128,490,75,100,95,40,70,110,1
174,129,200,20,10,55,15,20,80,1
175,130,540,95,125,79,60,100,81,1
176,130,640,95,155,109,70,130,81,1
177,131,535,130,85,80,85,95,60,1
178,131,535,130,85,80,85,95,60,1
179,132,288,48,48,48,48,48,48,1
180,133,325,55,55,50,45,65,55,1
181,133,325,55,55,50,45,65,55,1
182,134,525,130,65,60,110,95,65,1
183,135,525,65,65,60,110,95,130,1
184,136,525,65,130,60,95,110,65,1
185,137,395,65,60,70,85,75,40,1
186,138,355,35,40,100,90,55,35,1
187,139,495,70,60,125,115,70,55,1
188,140,355,30,80,90,55,45,55,1
189,141,495,60,115,105,65,70,80,1
190,142,515,80,105,65,60,75,130,1
191,142,615,80,135,85,70,95,150,1
192,143,540,160,110,65,65,110,30,1
193,143,540,160,110,65,65,110,30,1
194,144,580,90,85,100,95,125,85,1
195,144,580,90,85,85,125,100,95,8
196,145,580,90,90,85,125,90,100,1
197,145,580,90,125,90,85,90,100,8
198,146,580,90,100,90,125,85,90,1
199,146,580,90,85,90,100,125,90,8
200,147,300,41,64,45,50,50,50,1
201,148,420,61,84,65,70,70,70,1
202,149,600,91,134,95,100,100,80,1
203,150,680,106,110,90,154,90,130,1
204,150,780,106,190,100,154,100,130,1
205,150,780,106,150,70,194,120,140,1
206,151,600,100,100,100,100,100,100,1
207,152,318,45,49,65,49,65,45,2
208,153,405,60,62,80,63,80,60,2
209,154,525,80,82,100,83,100,80,2
210,155,309,39,52,43,60,50,65,2
211,156,405,58,64,58,80,65,80,2
212,157,534,78,84,78,109,85,100,2
213,158,314,50,65,64,44,48,43,2
214,159,405,65,80,80,59,63,58,2
215,160,530,85,105,100,79,83,78,2
216,161,215,35,46,34,35,45,20,2
217,162,415,85,76,64,45,55,90,2
218,163,262,60,30,30,36,56,50,2
219,164,442,100,50,50,76,96,70,2
220,165,265,40,20,30,40,80,55,2
221,166,390,55,35,50,55,110,85,2
222,167,250,40,60,40,40,40,30,2
223,168,390,70,90,70,60,60,40,2
224,169,535,85,90,80,70,80,130,2
225,170,330,75,38,38,56,56,67,2
226,171,460,125,58,58,76,76,67,2
227,172,205,20,40,15,35,35,60,2
228,173,218,50,25,28,45,55,15,2
229,174,210,90,30,15,40,20,15,2
230,175,245,35,20,65,40,65,20,2
231,176,405,55,40,85,80,105,40,2
232,177,320,40,50,45,70,45,70,2
233,178,470,65,75,70,95,70,95,2
234,179,280,55,40,40,65,45,35,2
235,180,365,70,55,55,80,60,45,2
236,181,510,90,75,85,115,90,55,2
237,181,610,90,95,105,165,110,45,2
238,182,490,75,80,95,90,100,50,2
239,183,250,70,20,50,20,50,40,2
240,184,420,100,50,80,60,80,50,2
241,185,410,70,100,115,30,65,30,2
242,186,500,90,75,75,90,100,70,2
243,187,250,35,35,40,35,55,50,2
244,188,340,55,45,50,45,65,80,2
245,189,460,75,55,70,55,95,110,2
246,190,360,55,70,55,40,55,85,2
247,191,180,30,30,30,30,30,30,2
248,192,425,75,75,55,105,85,30,2
249,193,390,65,65,45,75,45,95,2
250,194,210,55,45,45,25,25,15,2
251,195,430,95,85,85,65,65,35,2
252,196,525,65,65,60,130,95,110,2
253,197,525,95,65,110,60,130,65,2
254,198,405,60,85,42,85,42,91,2
255,199,490,95,75,80,100,110,30,2
256,199,490,95,65,80,110,110,30,8
257,200,435,60,60,60,85,85,85,2
258,201,336,48,72,48,72,48,48,2
259,202,405,190,33,58,33,58,33,2
260,203,455,70,80,65,90,65,85,2
261,204,290,50,65,90,35,35,15,2
262,205,465,75,90,140,60,60,40,2
263,206,415,100,70,70,65,65,45,2
264,207,430,65,75,105,35,65,85,2
265,208,510,75,85,200,55,65,30,2
266,208,610,75,125,230,55,95,30,2
267,209,300,60,80,50,40,40,30,2
268,210,450,90,120,75,60,60,45,2
269,211,430,65,95,75,55,55,85,2
270,212,500,70,130,100,55,80,65,2
271,212,600,70,150,140,65,100,75,2
272,213,505,20,10,230,10,230,5,2
273,214,500,80,125,75,40,95,85,2
274,214,600,80,185,115,40,105,75,2
275,215,430,55,95,55,35,75,115,2
276,216,330,60,80,50,50,50,40,2
277,217,500,90,130,75,75,75,55,2
278,218,250,40,40,40,70,40,20,2
279,219,410,50,50,120,80,80,30,2
280,220,250,50,50,40,30,30,50,2
281,221,450,100,100,80,60,60,50,2
282,222,380,55,55,85,65,85,35,2
283,222,380,60,55,100,65,100,30,8
284,223,300,35,65,35,65,35,65,2
285,224,480,75,105,75,105,75,45,2
286,225,330,45,55,45,65,45,75,2
287,226,465,65,40,70,80,140,70,2
288,227,465,65,80,140,40,70,70,2
289,228,330,45,60,30,80,50,65,2
290,229,500,75,90,50,110,80,95,2
291,229,600,75,90,90,140,90,115,2
292,230,540,75,95,95,95,95,85,2
293,231,330,90,60,60,40,40,40,2
294,232,500,90,120,120,60,60,50,2
295,233,515,85,80,90,105,95,60,2
296,234,465,73,95,62,85,65,85,2
297,235,250,55,20,35,20,45,75,2
298,236,210,35,35,35,35,35,35,2
299,237,455,50,95,95,35,110,70,2
300,238,305,45,30,15,85,65,65,2
301,239,360,45,63,37,65,55,95,2
302,240,365,45,75,37,70,55,83,2
303,241,490,95,80,105,40,70,100,2
304,242,540,255,10,10,75,135,55,2
305,243,580,90,85,75,115,100,115,2
306,244,580,115,115,85,90,75,100,2
307,245,580,100,75,115,90,115,85,2
308,246,300,50,64,50,45,50,41,2
309,247,410,70,84,70,65,70,51,2
310,248,600,100,134,110,95,100,61,2
311,248,700,100,164,150,95,120,71,2
312,249,680,106,90,130,90,154,110,2
313,250,680,106,130,90,110,154,90,2
314,251,600,100,100,100,100,100,100,2
315,252,310,40,45,35,65,55,70,3
316,253,405,50,65,45,85,65,95,3
317,254,530,70,85,65,105,85,120,3
318,254,630,70,110,75,145,85,145,3
319,255,310,45,60,40,70,50,45,3
320,256,405,60,85,60,85,60,55,3
321,257,530,80,120,70,110,70,80,3
322,257,630,80,160,80,130,80,100,3
323,258,310,50,70,50,50,50,40,3
324,259,405,70,85,70,60,70,50,3
325,260,535,100,110,90,85,90,60,3
326,260,635,100,150,110,95,110,70,3
327,261,220,35,55,35,30,30,35,3
328,262,420,70,90,70,60,60,70,3
329,263,240,38,30,41,30,41,60,3
330,263,240,38,30,41,30,41,60,8
331,264,420,78,70,61,50,61,100,3
332,264,420,78,70,61,50,61,100,8
333,265,195,45,45,35,20,30,20,3
334,266,205,50,35,55,25,25,15,3
335,267,395,60,70,50,100,50,65,3
336,268,205,50,35,55,25,25,15,3
337,269,385,60,50,70,50,90,65,3
338,270,220,40,30,30,40,50,30,3
339,271,340,60,50,50,60,70,50,3
340,272,480,80,70,70,90,100,70,3
341,273,220,40,40,50,30,30,30,3
342,274,340,70,70,40,60,40,60,3
343,275,480,90,100,60,90,60,80,3
344,276,270,40,55,30,30,30,85,3
345,277,430,60,85,60,50,50,125,3
346,278,270,40,30,30,55,30,85,3
347,279,430,60,50,100,85,70,65,3
348,280,198,28,25,25,45,35,40,3
349,281,278,38,35,35,65,55,50,3
350,282,518,68,65,65,125,115,80,3
351,282,618,68,85,65,165,135,100,3
352,283,269,40,30,32,50,52,65,3
353,284,414,70,60,62,80,82,60,3
354,285,295,60,40,60,40,60,35,3
355,286,460,60,130,80,60,60,70,3
356,287,280,60,60,60,35,35,30,3
357,288,440,80,80,80,55,55,90,3
358,289,670,150,160,100,95,65,100,3
359,290,266,31,45,90,30,30,40,3
360,291,456,61,90,45,50,50,160,3
361,292,236,1,90,45,30,30,40,3
362,293,240,64,51,23,51,23,28,3
363,294,360,84,71,43,71,43,48,3
364,295,490,104,91,63,91,73,68,3
365,296,237,72,60,30,20,30,25,3
366,297,474,144,120,60,40,60,50,3
367,298,190,50,20,40,20,40,20,3
368,299,375,30,45,135,45,90,30,3
369,300,260,50,45,45,35,35,50,3
370,301,380,70,65,65,55,55,70,3
371,302,380,50,75,75,65,65,50,3
372,302,480,50,85,125,85,115,20,3
373,303,380,50,85,85,55,55,50,3
374,303,480,50,105,125,55,95,50,3
375,304,330,50,70,100,40,40,30,3
376,305,430,60,90,140,50,50,40,3
377,306,530,70,110,180,60,60,50,3
378,306,630,70,140,230,60,80,50,3
379,307,280,30,40,55,40,55,60,3
380,308,410,60,60,75,60,75,80,3
381,308,510,60,100,85,80,85,100,3
382,309,295,40,45,40,65,40,65,3
383,310,475,70,75,60,105,60,105,3
384,310,575,70,75,80,135,80,135,3
385,311,405,60,50,40,85,75,95,3
386,312,405,60,40,50,75,85,95,3
387,313,400,65,73,55,47,75,85,3
388,314,400,65,47,55,73,75,85,3
389,315,400,50,60,45,100,80,65,3
390,316,302,70,43,53,43,53,40,3
391,317,467,100,73,83,73,83,55,3
392,318,305,45,90,20,65,20,65,3
393,319,460,70,120,40,95,40,95,3
394,319,560,70,140,70,110,65,105,3
395,320,400,130,70,35,70,35,60,3
396,321,500,170,90,45,90,45,60,3
397,322,305,60,60,40,65,45,35,3
398,323,460,70,100,70,105,75,40,3
399,323,560,70,120,100,145,105,20,3
400,324,470,70,85,140,85,70,20,3
401,325,330,60,25,35,70,80,60,3
402,326,470,80,45,65,90,110,80,3
403,327,360,60,60,60,60,60,60,3
404,328,290,45,100,45,45,45,10,3
405,329,340,50,70,50,50,50,70,3
406,330,520,80,100,80,80,80,100,3
407,331,335,50,85,40,85,40,35,3
408,332,475,70,115,60,115,60,55,3
409,333,310,45,40,60,40,75,50,3
410,334,490,75,70,90,70,105,80,3
411,334,590,75,110,110,110,105,80,3
412,335,458,73,115,60,60,60,90,3
413,336,458,73,100,60,100,60,65,3
414,337,440,70,55,65,95,85,70,3
415,338,440,70,95,85,55,65,70,3
416,339,288,50,48,43,46,41,60,3
417,340,468,110,78,73,76,71,60,3
418,341,308,43,80,65,50,35,35,3
419,342,468,63,120,85,90,55,55,3
420,343,300,40,40,55,40,70,55,3
421,344,500,60,70,105,70,120,75,3
422,345,355,66,41,77,61,87,23,3
423,346,495,86,81,97,81,107,43,3
424,347,355,45,95,50,40,50,75,3
425,348,495,75,125,100,70,80,45,3
426,349,200,20,15,20,10,55,80,3
427,350,540,95,60,79,100,125,81,3
428,351,420,70,70,70,70,70,70,3
429,352,440,60,90,70,60,120,40,3
430,353,295,44,75,35,63,33,45,3
431,354,455,64,115,65,83,63,65,3
432,354,555,64,165,75,93,83,75,3
433,355,295,20,40,90,30,90,25,3
434,356,455,40,70,130,60,130,25,3
435,357,460,99,68,83,72,87,51,3
436,358,425,65,50,70,95,80,65,3
437,359,465,65,130,60,75,60,75,3
438,359,565,65,150,60,115,60,115,3
439,360,260,95,23,48,23,48,23,3
440,361,300,50,50,50,50,50,50,3
441,362,480,80,80,80,80,80,80,3
442,362,580,80,120,80,120,80,100,3
443,363,290,70,40,50,55,50,25,3
444,364,410,90,60,70,75,70,45,3
445,365,530,110,80,90,95,90,65,3
446,366,345,35,64,85,74,55,32,3
447,367,485,55,104,105,94,75,52,3
448,368,485,55,84,105,114,75,52,3
449,369,485,100,90,130,45,65,55,3
450,370,330,43,30,55,40,65,97,3
451,371,300,45,75,60,40,30,50,3
452,372,420,65,95,100,60,50,50,3
453,373,600,95,135,80,110,80,100,3
454,373,700,95,145,130,120,90,120,3
455,374,300,40,55,80,35,60,30,3
456,375,420,60,75,100,55,80,50,3
457,376,600,80,135,130,95,90,70,3
458,376,700,80,145,150,105,110,110,3
459,377,580,80,100,200,50,100,50,3
460,378,580,80,50,100,100,200,50,3
461,379,580,80,75,150,75,150,50,3
462,380,600,80,80,90,110,130,110,3
463,380,700,80,100,120,140,150,110,3
464,381,600,80,90,80,130,110,110,3
465,381,700,80,130,100,160,120,110,3
466,382,670,100,100,90,150,140,90,3
467,382,770,100,150,90,180,160,90,3
468,383,670,100,150,140,100,90,90,3
469,383,770,100,180,160,150,90,90,3
470,384,680,105,150,90,150,90,95,3
471,384,780,105,180,100,180,100,115,3
472,385,600,100,100,100,100,100,100,3
473,386,600,50,150,50,150,50,150,3
474,386,600,50,180,20,180,20,150,3
475,386,600,50,70,160,70,160,90,3
476,386,600,50,95,90,95,90,180,3
477,387,318,55,68,64,45,55,31,4
478,388,405,75,89,85,55,65,36,4
479,389,525,95,109,105,75,85,56,4
480,390,309,44,58,44,58,44,61,4
481,391,405,64,78,52,78,52,81,4
482,392,534,76,104,71,104,71,108,4
483,393,314,53,51,53,61,56,40,4
484,394,405,64,66,68,81,76,50,4
485,395,530,84,86,88,111,101,60,4
486,396,245,40,55,30,30,30,60,4
487,397,340,55,75,50,40,40,80,4
488,398,485,85,120,70,50,60,100,4
489,399,250,59,45,40,35,40,31,4
490,400,410,79,85,60,55,60,71,4
491,401,194,37,25,41,25,41,25,4
492,402,384,77,85,51,55,51,65,4
493,403,263,45,65,34,40,34,45,4
494,404,363,60,85,49,60,49,60,4
495,405,523,80,120,79,95,79,70,4
496,406,280,40,30,35,50,70,55,4
497,407,515,60,70,65,125,105,90,4
498,408,350,67,125,40,30,30,58,4
499,409,495,97,165,60,65,50,58,4
500,410,350,30,42,118,42,88,30,4
501,411,495,60,52,168,47,138,30,4
502,412,224,40,29,45,29,45,36,4
503,413,424,60,59,85,79,105,36,4
504,413,424,60,79,105,59,85,36,4
505,413,424,60,69,95,69,95,36,4
506,414,424,70,94,50,94,50,66,4
507,415,244,30,30,42,30,42,70,4
508,416,474,70,80,102,80,102,40,4
509,417,405,60,45,70,45,90,95,4
510,418,330,55,65,35,60,30,85,4
511,419,495,85,105,55,85,50,115,4
512,420,275,45,35,45,62,53,35,4
513,421,450,70,60,70,87,78,85,4
514,422,325,76,48,48,57,62,34,4
515,423,475,111,83,68,92,82,39,4
516,424,482,75,100,66,60,66,115,4
517,425,348,90,50,34,60,44,70,4
518,426,498,150,80,44,90,54,80,4
519,427,350,55,66,44,44,56,85,4
520,428,480,65,76,84,54,96,105,4
521,428,580,65,136,94,54,96,135,4
522,429,495,60,60,60,105,105,105,4
523,430,505,100,125,52,105,52,71,4
524,431,310,49,55,42,42,37,85,4
525,432,452,71,82,64,64,59,112,4
526,433,285,45,30,50,65,50,45,4
527,434,329,63,63,47,41,41,74,4
528,435,479,103,93,67,71,61,84,4
529,436,300,57,24,86,24,86,23,4
530,437,500,67,89,116,79,116,33,4
531,438,290,50,80,95,10,45,10,4
532,439,310,20,25,45,70,90,60,4
533,440,220,100,5,5,15,65,30,4
534,441,411,76,65,45,92,42,91,4
535,442,485,50,92,108,92,108,35,4
536,443,300,58,70,45,40,45,42,4
537,444,410,68,90,65,50,55,82,4
538,445,600,108,130,95,80,85,102,4
539,445,700,108,170,115,120,95,92,4
540,446,390,135,85,40,40,85,5,4
541,447,285,40,70,40,35,40,60,4
542,448,525,70,110,70,115,70,90,4
543,448,625,70,145,88,140,70,112,4
544,449,330,68,72,78,38,42,32,4
545,450,525,108,112,118,68,72,47,4
546,451,330,40,50,90,30,55,65,4
547,452,500,70,90,110,60,75,95,4
548,453,300,48,61,40,61,40,50,4
549,454,490,83,106,65,86,65,85,4
550,455,454,74,100,72,90,72,46,4
551,456,330,49,49,56,49,61,66,4
552,457,460,69,69,76,69,86,91,4
553,458,345,45,20,50,60,120,50,4
554,459,334,60,62,50,62,60,40,4
555,460,494,90,92,75,92,85,60,4
556,460,594,90,132,105,132,105,30,4
557,461,510,70,120,65,45,85,125,4
558,462,535,70,70,115,130,90,60,4
559,463,515,110,85,95,80,95,50,4
560,464,535,115,140,130,55,55,40,4
561,465,535,100,100,125,110,50,50,4
562,466,540,75,123,67,95,85,95,4
563,467,540,75,95,67,125,95,83,4
564,468,545,85,50,95,120,115,80,4
565,469,515,86,76,86,116,56,95,4
566,470,525,65,110,130,60,65,95,4
567,471,525,65,60,110,130,95,65,4
568,472,510,75,95,125,45,75,95,4
569,473,530,110,130,80,70,60,80,4
570,474,535,85,80,70,135,75,90,4
571,475,518,68,125,65,65,115,80,4
572,475,618,68,165,95,65,115,110,4
573,476,525,60,55,145,75,150,40,4
574,477,525,45,100,135,65,135,45,4
575,478,480,70,80,70,80,70,110,4
576,479,440,50,50,77,95,77,91,4
577,479,520,50,65,107,105,107,86,4
578,479,520,50,65,107,105,107,86,4
579,479,520,50,65,107,105,107,86,4
580,479,520,50,65,107,105,107,86,4
581,479,520,50,65,107,105,107,86,4
582,480,580,75,75,130,75,130,95,4
583,481,580,80,105,105,105,105,80,4
584,482,580,75,125,70,125,70,115,4
585,483,680,100,120,120,150,100,90,4
586,484,680,90,120,100,150,120,100,4
587,485,600,91,90,106,130,106,77,4
588,486,670,110,160,110,80,110,100,4
589,487,680,150,100,120,100,120,90,4
590,487,680,150,120,100,120,100,90,4
591,488,600,120,70,120,75,130,85,4
592,489,480,80,80,80,80,80,80,4
593,490,600,100,100,100,100,100,100,4
594,491,600,70,90,90,135,90,125,4
595,492,600,100,100,100,100,100,100,4
596,492,600,100,103,75,120,75,127,4
597,493,720,120,120,120,120,120,120,4
598,494,600,100,100,100,100,100,100,5
599,495,308,45,45,55,45,55,63,5
600,496,413,60,60,75,60,75,83,5
601,497,528,75,75,95,75,95,113,5
602,498,308,65,63,45,45,45,45,5
603,499,418,90,93,55,70,55,55,5
604,500,528,110,123,65,100,65,65,5
605,501,308,55,55,45,63,45,45,5
606,502,413,75,75,60,83,60,60,5
607,503,528,95,100,85,108,70,70,5
608,504,255,45,55,39,35,39,42,5
609,505,420,60,85,69,60,69,77,5
610,506,275,45,60,45,25,45,55,5
611,507,370,65,80,65,35,65,60,5
612,508,500,85,110,90,45,90,80,5
613,509,281,41,50,37,50,37,66,5
614,510,446,64,88,50,88,50,106,5
615,511,316,50,53,48,53,48,64,5
616,512,498,75,98,63,98,63,101,5
617,513,316,50,53,48,53,48,64,5
618,514,498,75,98,63,98,63,101,5
619,515,316,50,53,48,53,48,64,5
620,516,498,75,98,63,98,63,101,5
621,517,292,76,25,45,67,55,24,5
622,518,487,116,55,85,107,95,29,5
623,519,264,50,55,50,36,30,43,5
624,520,358,62,77,62,50,42,65,5
625,521,488,80,115,80,65,55,93,5
626,522,295,45,60,32,50,32,76,5
627,523,497,75,100,63,80,63,116,5
628,524,280,55,75,85,25,25,15,5
629,525,390,70,105,105,50,40,20,5
630,526,515,85,135,130,60,80,25,5
631,527,313,55,45,43,55,43,72,5
632,528,425,67,57,55,77,55,114,5
633,529,328,60,85,40,30,45,68,5
634,530,508,110,135,60,50,65,88,5
635,531,445,103,60,86,60,86,50,5
636,531,545,103,60,126,80,126,50,5
637,532,305,75,80,55,25,35,35,5
638,533,405,85,105,85,40,50,40,5
639,534,505,105,140,95,55,65,45,5
640,535,294,50,50,40,50,40,64,5
641,536,384,75,65,55,65,55,69,5
642,537,509,105,95,75,85,75,74,5
643,538,465,120,100,85,30,85,45,5
644,539,465,75,125,75,30,75,85,5
645,540,310,45,53,70,40,60,42,5
646,541,380,55,63,90,50,80,42,5
647,542,500,75,103,80,70,80,92,5
648,543,260,30,45,59,30,39,57,5
649,544,360,40,55,99,40,79,47,5
650,545,485,60,100,89,55,69,112,5
651,546,280,40,27,60,37,50,66,5
652,547,480,60,67,85,77,75,116,5
653,548,280,45,35,50,70,50,30,5
654,549,480,70,60,75,110,75,90,5
655,550,460,70,92,65,80,55,98,5
656,551,292,50,72,35,35,35,65,5
657,552,351,60,82,45,45,45,74,5
658,553,519,95,117,80,65,70,92,5
659,554,315,70,90,45,15,45,50,5
660,554,315,70,90,45,15,45,50,8
661,555,480,105,140,55,30,55,95,5
662,555,480,105,140,55,30,55,95,8
663,555,540,105,30,105,140,105,55,5
664,555,540,105,160,55,30,55,135,8
665,556,461,75,86,67,106,67,60,5
666,557,325,50,65,85,35,35,55,5
667,558,475,70,95,125,65,75,45,5
668,559,348,50,75,70,35,70,48,5
669,560,488,65,90,115,45,115,58,5
670,561,490,72,58,80,103,80,97,5
671,562,303,38,30,85,55,65,30,5
672,562,303,38,55,85,30,65,30,8
673,563,483,58,50,145,95,105,30,5
674,564,355,54,78,103,53,45,22,5
675,565,495,74,108,133,83,65,32,5
676,566,401,55,112,45,74,45,70,5
677,567,567,75,140,65,112,65,110,5
678,568,329,50,50,62,40,62,65,5
679,569,474,80,95,82,60,82,75,5
680,569,474,80,95,82,60,82,75,5
681,570,330,40,65,40,80,40,65,5
682,571,510,60,105,60,120,60,105,5
683,572,300,55,50,40,40,40,75,5
684,573,470,75,95,60,65,60,115,5
685,574,290,45,30,50,55,65,45,5
686,575,390,60,45,70,75,85,55,5
687,576,490,70,55,95,95,110,65,5
688,577,290,45,30,40,105,50,20,5
689,578,370,65,40,50,125,60,30,5
690,579,490,110,65,75,125,85,30,5
691,580,305,62,44,50,44,50,55,5
692,581,473,75,87,63,87,63,98,5
693,582,305,36,50,50,65,60,44,5
694,583,395,51,65,65,80,75,59,5
695,584,535,71,95,85,110,95,79,5
696,585,335,60,60,50,40,50,75,5
697,586,475,80,100,70,60,70,95,5
698,587,428,55,75,60,75,60,103,5
699,588,315,50,75,45,40,45,60,5
700,589,495,70,135,105,60,105,20,5
701,590,294,69,55,45,55,55,15,5
702,591,464,114,85,70,85,80,30,5
703,592,335,55,40,50,65,85,40,5
704,593,480,100,60,70,85,105,60,5
705,594,470,165,75,80,40,45,65,5
706,595,319,50,47,50,57,50,65,5
707,596,472,70,77,60,97,60,108,5
708,597,305,44,50,91,24,86,10,5
709,598,489,74,94,131,54,116,20,5
710,599,300,40,55,70,45,60,30,5
711,600,440,60,80,95,70,85,50,5
712,601,520,60,100,115,70,85,90,5
713,602,275,35,55,40,45,40,60,5
714,603,405,65,85,70,75,70,40,5
715,604,515,85,115,80,105,80,50,5
716,605,335,55,55,55,85,55,30,5
717,606,485,75,75,75,125,95,40,5
718,607,275,50,30,55,65,55,20,5
719,608,370,60,40,60,95,60,55,5
720,609,520,60,55,90,145,90,80,5
721,610,320,46,87,60,30,40,57,5
722,611,410,66,117,70,40,50,67,5
723,612,540,76,147,90,60,70,97,5
724,613,305,55,70,40,60,40,40,5
725,614,485,95,110,80,70,80,50,5
726,615,485,70,50,30,95,135,105,5
727,616,305,50,40,85,40,65,25,5
728,617,495,80,70,40,100,60,145,5
729,618,471,109,66,84,81,99,32,5
730,618,471,109,81,99,66,84,32,8
731,619,350,45,85,50,55,50,65,5
732,620,510,65,125,60,95,60,105,5
733,621,485,77,120,90,60,90,48,5
734,622,303,59,74,50,35,50,35,5
735,623,483,89,124,80,55,80,55,5
736,624,340,45,85,70,40,40,60,5
737,625,490,65,125,100,60,70,70,5
738,626,490,95,110,95,40,95,55,5
739,627,350,70,83,50,37,50,60,5
740,628,510,100,123,75,57,75,80,5
741,629,370,70,55,75,45,65,60,5
742,630,510,110,65,105,55,95,80,5
743,631,484,85,97,66,105,66,65,5
744,632,484,58,109,112,48,48,109,5
745,633,300,52,65,50,45,50,38,5
746,634,420,72,85,70,65,70,58,5
747,635,600,92,105,90,125,90,98,5
748,636,360,55,85,55,50,55,60,5
749,637,550,85,60,65,135,105,100,5
750,638,580,91,90,129,90,72,108,5
751,639,580,91,129,90,72,90,108,5
752,640,580,91,90,72,90,129,108,5
753,641,580,79,115,70,125,80,111,5
754,641,580,79,100,80,110,90,121,5
755,642,580,79,115,70,125,80,111,5
756,642,580,79,105,70,145,80,101,5
757,643,680,100,120,100,150,120,90,5
758,644,680,100,150,120,120,100,90,5
759,645,600,89,125,90,115,80,101,5
760,645,600,89,145,90,105,80,91,5
761,646,660,125,130,90,130,90,95,5
762,646,700,125,170,100,120,90,95,5
763,646,700,125,120,90,170,100,95,5
764,647,580,91,72,90,129,90,108,5
765,647,580,91,72,90,129,90,108,5
766,648,600,100,77,77,128,128,90,5
767,648,600,100,128,90,77,77,128,5
768,649,600,71,120,95,120,95,99,5
769,650,313,56,61,65,48,45,38,6
770,651,405,61,78,95,56,58,57,6
771,652,530,88,107,122,74,75,64,6
772,653,307,40,45,40,62,60,60,6
773,654,409,59,59,58,90,70,73,6
774,655,534,75,69,72,114,100,104,6
775,656,314,41,56,40,62,44,71,6
776,657,405,54,63,52,83,56,97,6
777,658,530,72,95,67,103,71,122,6
778,658,640,72,145,67,153,71,132,6
779,659,237,38,36,38,32,36,57,6
780,660,423,85,56,77,50,77,78,6
781,661,278,45,50,43,40,38,62,6
782,662,382,62,73,55,56,52,84,6
783,663,499,78,81,71,74,69,126,6
784,664,200,38,35,40,27,25,35,6
785,665,213,45,22,60,27,30,29,6
786,666,411,80,52,50,90,50,89,6
787,667,369,62,50,58,73,54,72,6
788,668,507,86,68,72,109,66,106,6
789,669,303,44,38,39,61,79,42,6
790,670,371,54,45,47,75,98,52,6
791,671,552,78,65,68,112,154,75,6
792,672,350,66,65,48,62,57,52,6
793,673,531,123,100,62,97,81,68,6
794,674,348,67,82,62,46,48,43,6
795,675,495,95,124,78,69,71,58,6
796,676,472,75,80,60,65,90,102,6
797,677,355,62,48,54,63,60,68,6
798,678,466,74,48,76,83,81,104,6
799,678,466,74,48,76,83,81,104,6
800,679,325,45,80,100,35,37,28,6
801,680,448,59,110,150,45,49,35,6
802,681,520,60,150,50,150,50,60,6
803,681,520,60,50,150,50,150,60,6
804,682,341,78,52,60,63,65,23,6
805,683,462,101,72,72,99,89,29,6
806,684,341,62,48,66,59,57,49,6
807,685,480,82,80,86,85,75,72,6
808,686,288,53,54,53,37,46,45,6
809,687,482,86,92,88,68,75,73,6
810,688,306,42,52,67,39,56,50,6
811,689,500,72,105,115,54,86,68,6
812,690,320,50,60,60,60,60,30,6
813,691,494,65,75,90,97,123,44,6
814,692,330,50,53,62,58,63,44,6
815,693,500,71,73,88,120,89,59,6
816,694,289,44,38,33,61,43,70,6
817,695,481,62,55,52,109,94,109,6
818,696,362,58,89,77,45,45,48,6
819,697,521,82,121,119,69,59,71,6
820,698,362,77,59,50,67,63,46,6
821,699,521,123,77,72,99,92,58,6
822,700,525,95,65,65,110,130,60,6
823,701,500,78,92,75,74,63,118,6
824,702,431,67,58,57,81,67,101,6
825,703,500,50,50,150,50,150,50,6
826,704,300,45,50,35,55,75,40,6
827,705,452,68,75,53,83,113,60,6
828,706,600,90,100,70,110,150,80,6
829,707,470,57,80,91,80,87,75,6
830,708,309,43,70,48,50,60,38,6
831,709,474,85,110,76,65,82,56,6
832,710,335,49,66,70,44,55,51,6
833,710,335,44,66,70,44,55,56,6
834,710,335,54,66,70,44,55,46,6
835,710,335,59,66,70,44,55,41,6
836,711,494,65,90,122,58,75,84,6
837,711,494,55,85,122,58,75,99,6
838,711,494,75,95,122,58,75,69,6
839,711,494,85,100,122,58,75,54,6
840,712,304,55,69,85,32,35,28,6
841,713,514,95,117,184,44,46,28,6
842,714,245,40,30,35,45,40,55,6
843,715,535,85,70,80,97,80,123,6
844,716,680,126,131,95,131,98,99,6
845,717,680,126,131,95,131,98,99,6
846,718,486,54,100,71,61,85,115,6
847,718,600,108,100,121,81,95,95,6
848,718,708,216,100,121,91,95,85,6
849,719,600,50,100,150,100,150,50,6
850,719,700,50,160,110,160,110,110,6
851,720,600,80,110,60,150,130,70,6
852,720,680,80,160,60,170,130,80,6
853,721,600,80,110,120,130,90,70,6
854,722,320,68,55,55,50,50,42,7
855,723,420,78,75,75,70,70,52,7
856,724,530,78,107,75,100,100,70,7
857,725,320,45,65,40,60,40,70,7
858,726,420,65,85,50,80,50,90,7
859,727,530,95,115,90,80,90,60,7
860,728,320,50,54,54,66,56,40,7
861,729,420,60,69,69,91,81,50,7
862,730,530,80,74,74,126,116,60,7
863,731,265,35,75,30,30,30,65,7
864,732,355,55,85,50,40,50,75,7
865,733,485,80,120,75,75,75,60,7
866,734,253,48,70,30,30,30,45,7
867,735,418,88,110,60,55,60,45,7
868,736,300,47,62,45,55,45,46,7
869,737,400,57,82,95,55,75,36,7
870,738,500,77,70,90,145,75,43,7
871,739,338,47,82,57,42,47,63,7
872,740,478,97,132,77,62,67,43,7
873,741,476,75,70,70,98,70,93,7
874,741,476,75,70,70,98,70,93,7
875,741,476,75,70,70,98,70,93,7
876,741,476,75,70,70,98,70,93,7
877,742,304,40,45,40,55,40,84,7
878,743,464,60,55,60,95,70,124,7
879,744,280,45,65,40,30,40,60,7
880,745,487,75,115,65,55,65,112,7
881,745,487,85,115,75,55,75,82,7
882,745,487,75,117,65,55,65,110,7
883,746,175,45,20,20,25,25,40,7
884,746,620,45,140,130,140,135,30,7
885,747,305,50,53,62,43,52,45,7
886,748,495,50,63,152,53,142,35,7
887,749,385,70,100,70,45,55,45,7
888,750,500,100,125,100,55,85,35,7
889,751,269,38,40,52,40,72,27,7
890,752,454,68,70,92,50,132,42,7
891,753,250,40,55,35,50,35,35,7
892,754,480,70,105,90,80,90,45,7
893,755,285,40,35,55,65,75,15,7
894,756,405,60,45,80,90,100,30,7
895,757,320,48,44,40,71,40,77,7
896,758,480,68,64,60,111,60,117,7
897,759,340,70,75,50,45,50,50,7
898,760,500,120,125,80,55,60,60,7
899,761,210,42,30,38,30,38,32,7
900,762,290,52,40,48,40,48,62,7
901,763,510,72,120,98,50,98,72,7
902,764,485,51,52,90,82,110,100,7
903,765,490,90,60,80,90,110,60,7
904,766,490,100,120,90,40,60,80,7
905,767,230,25,35,40,20,30,80,7
906,768,530,75,125,140,60,90,40,7
907,769,320,55,55,80,70,45,15,7
908,770,480,85,75,110,100,75,35,7
909,771,410,55,60,130,30,130,5,7
910,772,534,95,95,95,95,95,59,7
911,773,570,95,95,95,95,95,95,7
912,774,440,60,60,100,60,100,60,7
913,774,500,60,100,60,100,60,120,7
914,775,480,65,115,65,75,95,65,7
915,776,485,60,78,135,91,85,36,7
916,777,435,65,98,63,40,73,96,7
917,778,476,55,90,80,50,105,96,7
918,779,475,68,105,70,70,70,92,7
919,780,485,78,60,85,135,91,36,7
920,781,517,70,131,100,86,90,40,7
921,782,300,45,55,65,45,45,45,7
922,783,420,55,75,90,65,70,65,7
923,784,600,75,110,125,100,105,85,7
924,785,570,70,115,85,95,75,130,7
925,786,570,70,85,75,130,115,95,7
926,787,570,70,130,115,85,95,75,7
927,788,570,70,75,115,95,130,85,7
928,789,200,43,29,31,29,31,37,7
929,790,400,43,29,131,29,131,37,7
930,791,680,137,137,107,113,89,97,7
931,792,680,137,113,89,137,107,97,7
932,793,570,109,53,47,127,131,103,7
933,794,570,107,139,139,53,53,79,7
934,795,570,71,137,37,137,37,151,7
935,796,570,83,89,71,173,71,83,7
936,797,570,97,101,103,107,101,61,7
937,798,570,59,181,131,59,31,109,7
938,799,570,223,101,53,97,53,43,7
939,800,600,97,107,101,127,89,79,7
940,800,680,97,157,127,113,109,77,7
941,800,680,97,113,109,157,127,77,7
942,800,754,97,167,97,167,97,129,7
943,801,600,80,95,115,130,115,65,7
944,802,600,90,125,80,90,90,125,7
945,803,420,67,73,67,73,67,73,7
946,804,540,73,73,73,127,73,121,7
947,805,570,61,131,211,53,101,13,7
948,806,570,53,127,53,151,79,107,7
949,807,600,88,112,75,102,80,143,7
950,808,300,46,65,65,55,35,34,0
951,809,600,135,143,143,80,65,34,0
952,809,600,135,143,143,80,65,34,0
953,810,310,50,65,50,40,40,65,8
954,811,420,70,85,70,55,60,80,8
955,812,530,100,125,90,60,70,85,8
956,812,530,100,125,90,60,70,85,8
957,813,310,50,71,40,40,40,69,8
958,814,420,65,86,60,55,60,94,8
959,815,530,80,116,75,65,75,119,8
960,815,530,80,116,75,65,75,119,8
961,816,310,50,40,40,70,40,70,8
962,817,420,65,60,55,95,55,90,8
963,818,530,70,85,65,125,65,120,8
964,818,530,70,85,65,125,65,120,8
965,819,275,70,55,55,35,35,25,8
966,820,460,120,95,95,55,75,20,8
967,821,245,38,47,35,33,35,57,8
968,822,365,68,67,55,43,55,77,8
969,823,495,98,87,105,53,85,67,8
970,823,495,98,87,105,53,85,67,8
971,824,180,25,20,20,25,45,45,8
972,825,335,50,35,80,50,90,30,8
973,826,505,60,45,110,80,120,90,8
974,826,505,60,45,110,80,120,90,8
975,827,245,40,28,28,47,52,50,8
976,828,455,70,58,58,87,92,90,8
977,829,250,40,40,60,40,60,10,8
978,830,460,60,50,90,80,120,60,8
979,831,270,42,40,55,40,45,48,8
980,832,490,72,80,100,60,90,88,8
981,833,284,50,64,50,38,38,44,8
982,834,485,90,115,90,48,68,74,8
983,834,485,90,115,90,48,68,74,8
984,835,270,59,45,50,40,50,26,8
985,836,490,69,90,60,90,60,121,8
986,837,240,30,40,50,40,50,30,8
987,838,410,80,60,90,60,70,50,8
988,839,510,110,80,120,80,90,30,8
989,839,510,110,80,120,80,90,30,8
990,840,260,40,40,80,40,40,20,8
991,841,485,70,110,80,95,60,70,8
992,841,485,70,110,80,95,60,70,8
993,842,485,110,85,80,100,80,30,8
994,842,485,110,85,80,100,80,30,8
995,843,315,52,57,75,35,50,46,8
996,844,510,72,107,125,65,70,71,8
997,844,510,72,107,125,65,70,71,8
998,845,475,70,85,55,85,95,85,8
999,846,280,41,63,40,40,30,66,8
1000,847,490,61,123,60,60,50,136,8
1001,848,242,40,38,35,54,35,40,8
1002,849,502,75,98,70,114,70,75,8
1003,849,502,75,98,70,114,70,75,8
1004,849,502,75,98,70,114,70,75,8
1005,850,305,50,65,45,50,50,45,8
1006,851,525,100,115,65,90,90,65,8
1007,851,525,100,115,65,90,90,65,8
1008,852,310,50,68,60,50,50,32,8
1009,853,480,80,118,90,70,80,42,8
1010,854,308,40,45,45,74,54,50,8
1011,855,508,60,65,65,134,114,70,8
1012,856,265,42,30,45,56,53,39,8
1013,857,370,57,40,65,86,73,49,8
1014,858,510,57,90,95,136,103,29,8
1015,858,510,57,90,95,136,103,29,8
1016,859,265,45,45,30,55,40,50,8
1017,860,370,65,60,45,75,55,70,8
1018,861,510,95,120,65,95,75,60,8
1019,861,510,95,120,65,95,75,60,8
1020,862,520,93,90,101,60,81,95,8
1021,863,440,70,110,100,50,60,50,8
1022,864,510,60,95,50,145,130,30,8
1023,865,507,62,135,95,68,82,65,8
1024,866,520,80,85,75,110,100,70,8
1025,867,483,58,95,145,50,105,30,8
1026,868,270,45,40,40,50,61,34,8
1027,869,495,65,60,75,110,121,64,8
1028,869,495,65,60,75,110,121,64,8
1029,870,470,65,100,100,70,60,75,8
1030,871,435,48,101,95,91,85,15,8
1031,872,185,30,25,35,45,30,20,8
1032,873,475,70,65,60,125,90,65,8
1033,874,470,100,125,135,20,20,70,8
1034,875,470,75,80,110,65,90,50,8
1035,875,470,75,80,70,65,50,130,8
1036,876,475,60,65,55,105,95,95,8
1037,876,475,70,55,65,95,105,85,8
1038,877,436,58,95,58,70,58,97,8
1039,877,436,58,95,58,70,58,97,8
1040,878,330,72,80,49,40,49,40,8
1041,879,500,122,130,69,80,69,30,8
1042,879,500,122,130,69,80,69,30,8
1043,880,505,90,100,90,80,70,75,8
1044,881,505,90,100,90,90,80,55,8
1045,882,505,90,90,100,70,80,75,8
1046,883,505,90,90,100,80,90,55,8
1047,884,535,70,95,115,120,50,85,8
1048,884,535,70,95,115,120,50,85,8
1049,885,270,28,60,30,40,30,82,8
1050,886,410,68,80,50,60,50,102,8
1051,887,600,88,120,75,100,75,142,8
1052,888,670,92,130,115,80,115,138,8
1053,888,720,92,170,115,80,115,148,8
1054,889,670,92,130,115,80,115,138,8
1055,889,720,92,130,145,80,145,128,8
1056,890,690,140,85,95,145,95,130,8
1057,890,1125,255,115,250,125,250,130,8
1058,891,385,60,90,60,53,50,72,8
1059,892,550,100,130,100,63,60,97,8
1060,892,550,100,130,100,63,60,97,8
1061,892,550,100,130,100,63,60,97,8
1062,892,550,100,130,100,63,60,97,8
1063,893,600,105,120,105,70,95,105,8
1064,893,600,105,120,105,70,95,105,8
1065,894,580,80,100,50,100,50,200,8
1066,895,580,200,100,50,100,50,80,8
1067,896,580,100,145,130,65,110,30,8
1068,897,580,100,65,60,145,80,130,8
1069,898,500,100,80,80,80,80,80,8
1070,898,680,100,165,150,85,130,50,8
1071,898,680,100,85,80,165,100,150,8
